https://www.ebay.com/e/_electronics/ebay-refurbished-samsung,https://www.ebay.com/e/_electronics/ebay-refurbished-samsung?mkcid=1&mkrid=711-53200-19255-0&siteid=0&campid=5339181076&toolid=20014&customid=&mkevt=1
https://www.ebay.com/e/_electronics/shop-all-ebay-refurbished-cell-phones,https://www.ebay.com/e/_electronics/shop-all-ebay-refurbished-cell-phones?mkcid=1&mkrid=711-53200-19255-0&siteid=0&campid=5339181076&toolid=20014&customid=&mkevt=1
https://www.ebay.com/e/_electronics/save-on-cell-phones,https://www.ebay.com/e/_electronics/save-on-cell-phones?mkcid=1&mkrid=711-53200-19255-0&siteid=0&campid=5339181076&toolid=20014&customid=&mkevt=1
https://www.ebay.com/e/_electronics/ebay-refurbished-home-audio,https://www.ebay.com/e/_electronics/ebay-refurbished-home-audio?mkcid=1&mkrid=711-53200-19255-0&siteid=0&campid=5339181076&toolid=20014&customid=&mkevt=1
https://www.ebay.com/e/home-garden/certified-refurbished-irobot,https://www.ebay.com/e/home-garden/certified-refurbished-irobot?mkcid=1&mkrid=711-53200-19255-0&siteid=0&campid=5339181076&toolid=20014&customid=&mkevt=1
https://www.ebay.com/e/_electronics/x-condition-gaming,https://www.ebay.com/e/_electronics/x-condition-gaming?mkcid=1&mkrid=711-53200-19255-0&siteid=0&campid=5339181076&toolid=20014&customid=&mkevt=1
https://www.ebay.com/e/_electronics/new-and-ebay-refurbished-camera-and-drones,https://www.ebay.com/e/_electronics/new-and-ebay-refurbished-camera-and-drones?mkcid=1&mkrid=711-53200-19255-0&siteid=0&campid=5339181076&toolid=20014&customid=&mkevt=1
https://www.ebay.com/e/home-garden/certified-refurbished-dyson,https://www.ebay.com/e/home-garden/certified-refurbished-dyson?mkcid=1&mkrid=711-53200-19255-0&siteid=0&campid=5339181076&toolid=20014&customid=&mkevt=1
https://www.ebay.com/e/home-garden/certified-refurbished-makita-brand-outlet,https://www.ebay.com/e/home-garden/certified-refurbished-makita-brand-outlet?mkcid=1&mkrid=711-53200-19255-0&siteid=0&campid=5339181076&toolid=20014&customid=&mkevt=1
https://www.ebay.com/e/_electronics/brand-outlet-jbl,https://www.ebay.com/e/_electronics/brand-outlet-jbl?mkcid=1&mkrid=711-53200-19255-0&siteid=0&campid=5339181076&toolid=20014&customid=&mkevt=1
